date,uk_gilts,global_equities,uk_equities,investment_grade_bonds,cash,gold,fx_usd_vs_gbp
2014-01-31,8.61240196,26.06001526,17.94801331,84.68502808,44.30745860,72.78894803,0.60612000
2014-02-28,8.62756634,27.09837440,18.82045746,84.96710205,43.80311937,76.45586242,0.59908996
2014-03-31,8.69249535,27.03880528,18.92381859,85.98604584,43.44926337,73.47131237,0.59438000
2014-04-30,8.77101326,27.46603332,19.14407349,87.07506561,43.61812389,74.12083135,0.59668999
2014-05-31,8.72122097,27.56477067,18.94170952,86.87228394,42.91416837,70.69963295,0.58705997
2014-06-30,8.80165291,28.27153383,18.90585518,87.20009613,43.21904690,75.71772715,0.59135997
2014-07-31,9.10040474,28.39956064,19.28316307,90.01473236,44.04113539,74.37208795,0.60274000
2014-08-31,9.04678249,29.75659298,18.78103065,89.62260437,44.99645562,76.25812532,0.61568000
2014-09-30,9.16300488,29.20355769,18.56063271,90.02494812,45.67467602,72.62660021,0.62495999
2014-11-30,9.43996716,30.70670594,19.15728378,92.36389160,46.79945878,71.80533143,0.64048997
2014-12-31,9.60653019,30.06747429,18.73856735,93.72703552,46.92144539,72.95243894,0.64230003
2015-01-31,10.04424953,30.65429537,19.19475746,99.52044678,48.46467541,81.91771047,0.66356997
2015-02-28,9.62977600,31.57178581,19.79508591,95.94107819,47.30924400,75.24264240,0.64775000
2015-03-31,9.61426926,31.13303690,20.03027153,94.91390991,47.34357165,73.67668854,0.64822001
2015-04-30,9.65144253,32.25051488,20.21550179,95.25316620,47.66619182,74.07094616,0.65277999
2015-05-31,9.48416328,31.40420908,19.02687263,91.81076813,46.40518886,72.52766218,0.63564998
2015-06-30,9.62405014,30.84477878,19.45421982,94.15814972,46.78481277,72.01231675,0.64085000
2015-07-31,9.65034866,31.47461396,18.31785774,92.71945190,47.34986855,68.05655283,0.64859004
2015-08-31,9.78057289,29.83554784,17.74317932,92.74787903,48.16240582,71.79073323,0.65972003
2015-09-30,9.65144253,28.30390551,18.63205719,92.84665680,47.29558041,69.25917310,0.64813001
2015-11-30,9.75760460,31.09445855,18.72700119,94.88562775,48.52224669,67.77068556,0.66494002
2015-12-31,9.63504219,30.89105803,18.46319962,93.62139893,49.23098150,68.46520596,0.67479999
2016-01-31,9.99482632,30.42994703,17.97490311,94.32587433,51.22295347,75.07355172,0.70195001
2016-02-29,10.12924862,30.88264237,18.10027313,93.59648132,52.64226502,85.58689548,0.72140000
2016-03-31,9.99877739,31.45282177,18.67211151,98.02441406,49.92258637,80.48105502,0.68413002
2016-04-30,10.18505192,31.83447921,18.68044090,98.93570709,49.88311635,84.48881116,0.68329001
2016-05-31,10.75000000,34.71437150,19.59405327,102.54719543,54.21446087,86.18847494,0.74262000
2016-06-30,10.94363880,35.35217803,20.30942154,107.85575867,55.22588098,95.69225998,0.75663999
2016-07-31,11.22910976,37.03703253,20.66288376,111.57315826,55.78020726,98.52781645,0.76389998
2016-08-31,10.99953651,37.52885869,20.98723602,109.46926117,56.32785689,96.25528435,0.77139995
2016-09-30,10.55835629,40.19925551,21.14778709,104.72650909,59.78748780,102.84889845,0.81859996
2016-11-30,10.41132450,38.95787650,20.70372391,103.03630066,58.45274878,89.45587068,0.80049996
2016-12-31,10.63095570,40.21211609,21.85496330,106.15158081,59.18638136,88.82466198,0.81037005
2017-01-31,10.42946053,40.85149231,21.77068901,104.60691071,58.45461426,92.44000244,0.80000000
2017-02-28,10.73372078,42.08213637,22.38642120,107.43212128,58.76909943,95.84899889,0.80389999
2017-03-31,10.80223083,41.02505815,22.37995911,108.10848236,56.52219665,91.80617279,0.77329996
2017-04-30,10.83782387,42.08546092,23.43292618,109.83760834,57.10558324,94.28514259,0.78070005
2017-05-31,10.63241577,42.34681324,22.86991501,108.44440460,56.22690119,92.70491561,0.76857000
2017-06-30,10.67308998,42.24589635,23.07065010,109.60502625,55.71203726,89.78371598,0.76075003
2017-07-31,10.86426449,44.15419878,23.41225815,110.60942841,56.69805541,93.45566969,0.77396000
2017-08-31,10.58767223,42.75564664,23.22556496,108.42566681,54.74494723,93.91833781,0.74644999
2017-09-30,10.61614704,44.16697857,23.70631409,108.87516785,55.54852548,92.01904175,0.75686001
2017-11-30,10.63939285,45.32571445,23.23980904,108.56053162,54.76903826,90.25704099,0.74531001
2017-12-31,10.77820110,45.64685553,24.44822884,110.65673065,54.40899367,91.48368854,0.73985999
2018-01-31,10.56590366,46.06851895,23.89258766,109.76688385,52.01805603,90.17451166,0.70641998
2018-02-28,10.60672951,44.79744719,23.13619614,108.34919739,52.99649558,89.88875005,0.71911000
2018-03-31,10.70879745,44.55922627,24.20520782,108.88227081,53.58571075,91.34366371,0.72615997
2018-04-30,10.87209892,46.38140418,24.87867737,108.54830933,55.61001524,93.79259792,0.75281002
2018-05-31,10.81455326,46.85982762,24.86422348,108.18699646,56.00331511,93.18670231,0.75700003
2018-06-30,10.78577900,46.85017689,25.28425217,108.54621887,56.40520297,90.32824754,0.76130001
2018-07-31,10.80633354,48.74798633,24.37999535,109.23410034,57.02364357,89.14759258,0.76858000
2018-08-31,10.63163853,49.01177930,24.68084908,108.03337097,57.02637385,87.10758099,0.76740005
2018-09-30,10.72617722,50.56039147,23.53303337,108.32958984,58.55356509,88.72520095,0.78684994
2018-11-30,10.59376335,47.26323522,23.09726524,106.06351471,58.41524795,90.37538364,0.78219996
2018-12-31,10.83579826,44.16946728,22.29835129,107.59077454,58.94099704,95.52075179,0.78780001
2019-01-31,10.94337082,46.18069093,23.11576653,110.18122864,57.13742842,95.10440503,0.76235996
2019-02-28,10.84821033,46.60546221,23.57965851,110.13087463,56.37876831,93.09788905,0.75084999
2019-03-31,11.01370716,48.75262707,24.95536995,113.17630768,58.16233773,94.34423373,0.77325000
2019-04-30,11.31717110,51.71210349,24.21178818,113.65180969,59.76570789,96.11644326,0.79303998
2019-05-31,11.35255718,48.24264923,25.19917488,116.07099152,59.48545282,97.14087622,0.78765000
2019-06-30,11.59193134,53.63121272,25.75470924,118.94618225,62.21200852,109.52503320,0.82226003
2019-07-31,11.99366283,53.67934124,24.63594818,120.24846649,62.33792718,109.55724383,0.82244004
2019-08-31,12.05610752,51.91993372,25.44591141,120.25610352,61.76176231,116.93487827,0.81346002
2019-09-30,11.81881523,50.58202376,24.99006081,119.97987366,58.94377272,107.63673941,0.77508996
2019-11-30,11.69338989,53.06512154,25.46928787,119.78258514,58.97318621,106.62023535,0.77339500
2019-12-31,11.56141376,54.12543152,26.19919586,119.74933624,58.21495799,108.97554020,0.76260003
2020-01-31,11.98666668,53.44477818,25.27290154,123.56024933,58.39196281,114.08812559,0.76400003
2020-02-29,12.09978771,50.48585031,23.00427055,121.64685059,59.69512484,115.75554790,0.78012902
2020-03-31,12.65911102,44.93178392,20.73407936,121.52120972,61.48117772,118.71092904,0.80182997
2020-04-30,12.68040848,49.85371366,21.33570099,122.83890533,62.09882431,128.63514666,0.81004499
2020-05-31,12.60460377,52.53934092,21.67289162,124.08311462,62.26156422,132.33341881,0.81230996
2020-06-30,12.65092945,50.75589999,20.85315895,126.75720215,58.42995530,127.58949227,0.76231999
2020-07-31,12.26769447,52.52005104,21.20304108,125.23141479,57.39231903,138.83143966,0.74870002
2020-08-31,12.42772579,57.80506599,20.89429283,125.21170807,59.57777985,143.65172842,0.77721001
2020-09-30,12.35613441,55.74205807,19.90125275,125.56696320,59.18537666,136.78269011,0.77226002
2020-11-30,12.31745625,59.16093915,22.36771774,128.57048035,57.48551712,125.01582940,0.75007998
2020-12-31,12.49511147,60.57653874,23.15823746,130.55804443,56.22742452,130.85203454,0.73364002
2021-01-31,12.31534004,60.05758294,22.93922615,128.42759705,55.91832473,125.93745978,0.72960697
2021-02-28,11.60260391,60.44437385,23.27179909,124.06121063,55.01315461,116.15935602,0.71787502
2021-03-31,11.66605282,62.06754775,25.26410866,124.61138153,54.91708840,114.64333704,0.71670000
2021-04-30,11.71404076,63.66467597,25.56755447,125.02742004,54.03590240,116.82343637,0.70520001
2021-05-31,11.80535793,66.17742385,25.58666229,126.13623810,55.34780583,128.86171908,0.72240002
2021-06-30,12.12708950,66.71658181,25.63220215,128.21102905,55.09190838,119.12392065,0.71921703
2021-07-31,12.03895760,68.02546939,26.15387726,127.94859314,55.66052335,123.41159319,0.72671999
2021-08-31,11.59511662,71.23363190,26.02329254,124.46799469,57.03908220,126.38510380,0.74479994
2021-09-30,11.84783077,66.90907774,26.65790939,125.39931488,55.94697322,119.95613518,0.73045996
2021-11-30,12.22445869,70.83118619,26.10734940,126.67685699,57.50363504,124.29546789,0.75103002
2021-12-31,11.86629391,72.58560683,27.25393295,125.32807922,56.72265857,126.65230566,0.74083002
2022-01-31,11.41645908,69.77601808,27.63410378,120.47927094,57.12463071,125.40858554,0.74608001
2022-02-28,11.25869656,67.79295716,27.70169449,116.76087189,57.24074522,133.38543289,0.74776000
2022-03-31,10.71079159,73.49608031,28.37767029,112.65814972,60.90245205,143.65812256,0.79522905
2022-04-30,10.40618420,67.18178468,28.65392876,111.04701996,60.54895792,139.88274885,0.79070005
2022-05-31,10.18769264,70.34794104,27.03150940,107.37974548,63.14110665,141.06728352,0.82428003
2022-06-30,10.47901440,64.38905522,28.07284355,112.29833984,62.94005927,138.30868859,0.82101795
2022-07-31,9.66502571,72.01655958,27.74877548,103.71801758,65.77205707,140.74037437,0.85765003
2022-08-31,8.91958809,71.89703046,26.34237480,94.77687073,68.79242179,142.59443054,0.89529997
2022-09-30,9.16378307,62.74655272,27.13386726,99.75270844,66.39913120,133.38277285,0.86237004
2022-11-30,9.42819405,70.16857191,29.01858902,103.77555084,64.75445483,137.95255820,0.83703999
2022-12-31,9.05279255,66.09213496,28.69690514,102.31703949,64.17207291,140.21000078,0.82651498
2023-01-31,9.28148746,69.58773532,29.86202049,105.98033142,63.02812006,145.22880888,0.80948000
2023-02-28,8.96217918,68.90602030,30.34125900,102.69952393,64.77739531,140.76119760,0.82907998
2023-03-31,9.06573772,68.28971823,30.57050133,104.41115570,62.37550281,145.69012748,0.79516497
2023-04-30,8.76048565,70.27815344,29.01690292,101.43412018,63.42978741,148.88966595,0.80568000
2023-05-31,8.72559261,68.42412401,29.47551346,100.28211975,62.64439624,144.53052885,0.79272994
2023-06-30,8.78011417,71.03430388,30.10408783,102.68816376,61.76119350,138.68871881,0.77797002
2023-07-31,8.74740124,74.41171721,29.33632851,102.30232239,62.69303693,143.44946174,0.78667100
2023-08-31,8.65144157,75.26037340,30.09027672,102.23022461,65.63136443,147.52116745,0.81947097
2023-09-30,8.63835812,72.25994790,28.95933723,102.11619568,66.09503548,140.92846196,0.82197996
2023-11-30,8.88622189,73.47501368,29.57249832,105.99314117,63.90331355,148.66421984,0.78762501
2023-12-31,9.37510777,76.74166784,30.71915627,111.05807495,63.95187390,150.04321476,0.78486800
2024-01-31,9.17601395,77.22851251,30.33510971,109.70996094,64.45486667,148.43828527,0.78767996
2024-02-29,9.05434513,80.91663781,30.47227097,108.89401245,64.90728259,149.49810521,0.78970000
2024-03-31,8.95479870,84.24366243,32.76541519,108.63476562,65.70914917,163.79221402,0.79619003
2024-04-30,9.01843166,80.16381531,33.51552200,109.53160858,65.10874272,166.42811576,0.78551999
2024-05-31,9.13753891,84.36461313,33.16665268,110.39429474,65.82230990,170.19766487,0.79051399
2024-06-30,9.30384159,84.82996967,33.97057724,112.25446320,65.12257012,167.49277518,0.77899995
2024-07-31,9.33080864,84.21333225,34.23699951,112.59926605,63.95628640,172.54387826,0.76161499
2024-08-31,9.35103512,84.68257561,33.76075745,112.80891418,63.03549566,172.81987942,0.74719998
2024-09-30,9.11057281,89.37256955,33.20869064,111.31275177,65.37131634,187.55238365,0.77162999
2024-11-30,9.46461201,92.65208062,34.12408066,113.32292938,67.04487964,192.87680229,0.78536099
2024-12-31,9.25158119,91.51085495,33.65414429,112.83142090,68.30163997,192.94613111,0.79686998
2025-01-31,9.31010532,95.33579417,35.76138306,113.61623383,69.23135858,208.11493615,0.80489998
2025-02-28,9.38501740,93.73232190,36.44955826,114.16419983,68.49077486,208.96266531,0.79372004
2025-03-31,9.47865772,84.82198370,35.47787094,114.20552826,64.55475667,214.85677795,0.74566796
2025-04-30,9.35975170,84.92858224,36.83835602,114.11151886,64.52317106,225.63304798,0.74277597
2025-05-31,9.48171139,88.08407405,36.85082626,116.10555267,63.54601264,221.28795953,0.72887996
2025-06-30,9.46257973,95.53491956,38.50143814,116.46714783,65.98057771,229.92715935,0.75427999
2025-07-31,9.36214447,96.34671984,39.04357910,115.76296997,66.07969304,228.04677996,0.75272903
2025-08-31,9.42670918,97.80572341,39.66712189,117.01573944,65.57318079,236.70769211,0.74419998
2025-09-30,9.69214916,103.46558798,41.30831909,119.42407227,67.18031674,270.13231372,0.75992999
2025-11-30,9.69376564,105.13290129,41.39623642,119.49149323,67.13101596,292.67331281,0.75454602
2025-12-31,9.68887901,104.38452899,42.46957779,120.16810608,66.28475121,294.27800399,0.74254499
2026-01-31,9.71331501,105.56510640,43.66783905,120.42163849,65.37955354,324.92341206,0.73024700
2026-02-28,9.93079472,108.53440408,46.74698639,121.68933868,66.53827898,358.56034367,0.74121001
2026-03-31,9.50560856,101.92078571,44.67441559,118.02638245,66.74392091,319.00279831,0.74136697
2026-04-30,9.67000008,111.90852982,44.98135757,120.40627289,67.10884908,314.89503944,0.74327299
2026-05-31,9.73750019,118.84472816,45.45500183,121.05000305,68.33782262,314.71287682,0.75449003
2026-06-30,9.57750034,116.61144912,47.11999893,119.48999786,67.47048532,273.66583335,0.74289003
2026-07-31,9.60000038,115.52823541,47.20500183,120.11000061,67.30059310,274.39342569,0.73852995
2026-08-31,9.49750042,118.75826365,46.52500153,118.83000183,67.53878023,301.86242126,0.73909802
2026-09-30,9.49750042,118.43757680,46.52500153,118.83000183,67.62582388,294.72294040,0.73908004
